id,time,content
1196826298431213568,Tue Nov 19 16:23:20,"RT @RobertJenrick: More details on the PM's announcement that flood-hit homes and businesses will be able to receive up to ¬£5,000 to help p‚Ä¶"
1196858796418703362,Tue Nov 19 18:32:28,RT @BorisJohnson: Looking forward to sharing with you my positive vision for the country üá¨üáß https://t.co/ZbZu0ESIMI
1196861690605973505,Tue Nov 19 18:43:58,RT @Conservatives: #BackBoris üëç https://t.co/SgErQqJ0us
1196861746079813632,Tue Nov 19 18:44:11,"RT @JakeBerry: Tonight, 8pm, ITV 1

Boris vs. Corbyn

Get Brexit Done vs. dither and delay

#BackBoris üëá https://t.co/zqTGH3PsFH"
1196861773036609536,Tue Nov 19 18:44:17,"RT @miriam_cates: Penistone &amp; Stocksbridge team orders - early finish - the boss is on tv.
#KettleOn
#LeadersDebate
#BackBoris https://t.co‚Ä¶"
1196861785359429632,Tue Nov 19 18:44:20,"RT @EddieHughes4WN: In the blue corner...

#BackBoris
#LeadersDebate https://t.co/bHMBKg5CK0"
1196861809782919170,Tue Nov 19 18:44:26,"RT @Conservatives: ‚úä #BackBoris at the first election debate.

üì∫ 8pm. @ITV. 

üó£ Let's get Brexit done! https://t.co/6hKJheIa8L"
1196871610751430656,Tue Nov 19 19:23:23,RT @Conservatives: #BackBoris üëç to üëç get üëç Brexit üëç done üëç https://t.co/HWSYbN9VSv
1196878885692026880,Tue Nov 19 19:52:17,".@jeremycorbyn will you be able to answer these questions tonight?

Would you back leave or remain in a 2nd referendum?
Would immigration be higher or lower under Labour?
How much would Labour pay for market access to the EU?

https://t.co/PnKGrM0nfS

#LeadersDebate"
1196881694114172928,Tue Nov 19 20:03:27,RT @NickyMorgan01: Tonight @borisjohnson will set out the clear choice at this election: A majority Conservative government that will end t‚Ä¶
1196882272219205634,Tue Nov 19 20:05:45,RT @BrandonLewis: No mention of the key issue of Brexit by @jeremycorbyn bizarre!
1196882340238299137,Tue Nov 19 20:06:01,".@jeremycorbyn has no plan for Brexit.  Labour‚Äôs official policy is more dither on Brexit, with a second referendum. Labour Conference voted to make Corbyn‚Äôs indecision official party policy #LeadersDebate

https://t.co/A9w2tE1rE6"
1196882518416470022,Tue Nov 19 20:06:44,"RT @ToryEconomy: .@jeremycorbyn would DESTROY our economy the only change would be:

‚ùå A relative cut for our NHS

‚ùå Highest TAXES in peace‚Ä¶"
1196882561156501507,Tue Nov 19 20:06:54,"RT @SteveBarclay: The PM is right to highlight the damaging uncertainty under a Corbyn government, which would give us two referendums in 2‚Ä¶"
1196882640013529089,Tue Nov 19 20:07:13,The fact is @jeremycorbyn and @UKLabour have no plan for Brexit #LeadersDebate https://t.co/qZfrKi8pGY
1196882685337251842,Tue Nov 19 20:07:23,RT @BrandonLewis: Quite a contrast between the leaders already with Corbyn looking tired and avoiding any comment on the key issue of the e‚Ä¶
1196882692849180673,Tue Nov 19 20:07:25,"False claims from Corbyn on the economy  - Under @Conservatives, nine years of growth, unemployment at record low, Labour's deficit cut by by more than three quarters #backBoris #leadersdebate"
1196882908038025216,Tue Nov 19 20:08:16,RT @BorisJohnson: Only a majority Conservative government can get Brexit done. We have a deal that is ready to go. Let's make 2020 the year‚Ä¶
1196883073813618688,Tue Nov 19 20:08:56,"RT @RobertJenrick: Strong start by the PM.

As @BorisJohnson just said, people want to unleash the potential of this country and get Brexit‚Ä¶"
1196883128004034571,Tue Nov 19 20:09:09,"RT @ToryEconomy: We will get Brexit done with a @Conservatives majority government: 

ü•Ä Over 100 @UKLabour candidates want to remain - they‚Ä¶"
1196883129027506180,Tue Nov 19 20:09:09,"Has @jeremycorbyn worked out yet what sort of Brexit deal he wants? 

As @BorisJohnson makes clear we will get Brexit done  

#GetBrexitDone #LeadersDebate"
1196883256324562950,Tue Nov 19 20:09:39,RT @trussliz: Strong opening statement from @BorisJohnson with clear way forward on Brexit. All Conservative candidates are behind his deal‚Ä¶
1196883274351759360,Tue Nov 19 20:09:44,"RT @ToryHealth: We can #GetBrexitDone and move on to give our NHS the attention it deserves.

Corbyn just offers more dither and delay.

#I‚Ä¶"
1196883308635983873,Tue Nov 19 20:09:52,"Corbyn promised time and again to respect the referendum result - he's shattered that promise by now backing a second referendum, you can't trust what he says"
1196883389917339649,Tue Nov 19 20:10:11,"This is the second time @jeremycorbyn hasn't answered if he backs Leave or Remain.

What is it Jezza?

#LeadersDebate"
1196883466962509825,Tue Nov 19 20:10:30,RT @sajidjavid: Took less than 2min to show the gulf in leadership between Boris and Corbyn. Only one has a clear view on the biggest issue‚Ä¶
1196883628422320131,Tue Nov 19 20:11:08,"First mistake from Corbyn - DUP didn‚Äôt support

#LeadersDebate https://t.co/B2hJmBIsi0"
1196883713608572933,Tue Nov 19 20:11:29,"RT @Conservatives: A vote for Corbyn is a vote for a hung Parliament, which would only deliver more gridlock, more delay, and two more chao‚Ä¶"
1196883749247627265,Tue Nov 19 20:11:37,RT @MattHancock: No one thought Boris could get a new deal - and he did. Only with the Conservatives can we get Brexit done - and then move‚Ä¶
1196883766150672384,Tue Nov 19 20:11:41,"RT @NadineDorries: #ITVDebate #BackBoris #LeadersDebate 

Jeremy Corbyn in No10 would mean more years of dither, delay and uncertainty. 

#‚Ä¶"
1196883786283311106,Tue Nov 19 20:11:46,"RT @ToryEconomy: If we #GetBrexitDone we can focus on our priorities:

üí™ Build a stronger economy, meaning

üè• More money for our frontline‚Ä¶"
1196883838007422976,Tue Nov 19 20:11:58,THIRD time Corbyn refuses to answer simple question on whether he would back leave or remain in his second referendum #backboris #leadersdebate
1196883862007230465,Tue Nov 19 20:12:04,"Fact check: Labour's claim that they can get a whole new deal in three months has been dismissed by the EU

#LeadersDebate"
1196884159215624193,Tue Nov 19 20:13:15,RT @MattHancock: Why won‚Äôt Corbyn say how he would vote in the second referendum he proposes?
1196884170263465985,Tue Nov 19 20:13:17,RT @BrandonLewis: Yet another chance for @jeremycorbyn to answer what he stands for on Brexit....avoids answering again. @BorisJohnson is c‚Ä¶
1196884200219119617,Tue Nov 19 20:13:25,RT @ChrisPincher: Corbyn can‚Äôt say on what side he will campaign on his own deal. He‚Äôs dodging the question. He hasn‚Äôt got an answer. How c‚Ä¶
1196884248197775364,Tue Nov 19 20:13:36,RT @Conservatives: The NHS will never be for sale ‚Äì Labour have used this scaremongering at every election in living memory. The NHS will b‚Ä¶
1196884334797611016,Tue Nov 19 20:13:57,"Corbyn is lying on the NHS - the PM, POTUS and trade experts have all confirmed that the NHS will NOT be on the table in a US trade deal. Corbyn is lying about the NHS just to distract from his confused Brexit position https://t.co/y7xEp2Elsx"
1196884346210263040,Tue Nov 19 20:13:59,"RT @ToryEconomy: Leave or Remain? 

Biggest question of our day? 

@jeremycorbyn can't answer.

#GetBrexitDone #ITVDebate #CostOfCorbyn #Ba‚Ä¶"
1196884440238231552,Tue Nov 19 20:14:22,"RT @ToryHealth: .@BorisJohnson offering a clear path to #GetBrexitDone so we can focus on the people's priorities like the NHS.

Nothing bu‚Ä¶"
1196884501567332352,Tue Nov 19 20:14:36,RT @ConorBurnsUK: Why won't @jeremycorbyn simply say whether he would back Leave or Remain in another referendum? He will lock in division‚Ä¶
1196884620438048775,Tue Nov 19 20:15:05,".@Conservatives have made clear that ""the NHS will never, under any circumstances, be on the table in any future trade talks. The price the NHS pays for drugs won‚Äôt be on the table. And the services the NHS delivers won‚Äôt be on the table.""

https://t.co/9cQTqKtvui https://t.co/hJQpRVOxJm"
1196884630651183106,Tue Nov 19 20:15:07,RT @JamesCleverly: Corbyn‚Äôs timescale is nonsense. #BackBoris #LeadersDebate
1196884649202593799,Tue Nov 19 20:15:12,"RT @ToryEconomy: üí™ You need a STRONG economy for our NHS.

That's why the choice at this election is clear.

#VoteConservative 

#GetBrexit‚Ä¶"
1196884658660761606,Tue Nov 19 20:15:14,"RT @Conservatives: SIX. TIMES. 

That's 6 times Corbyn has failed to say what he would do on Brexit.

We have a deal that's ready to go and‚Ä¶"
1196884776797589505,Tue Nov 19 20:15:42,"FACT: The US President has confirmed that the NHS would not be on the table in trade negotiations

#LeadersDebate https://t.co/G2i1eOqEKg"
1196884897329303559,Tue Nov 19 20:16:11,RT @scullyp: No amount of repetition of  Jeremy Corbyn's bizarre contradictory Brexit strategy on the #LeadersDebate makes it any more cred‚Ä¶
1196885150086451206,Tue Nov 19 20:17:11,"RT @EddieHughes4WN: Unbelievable..!! Corbyn won't say whether he'd campaign for his own deal in a second #Brexit referendum. 

No more dith‚Ä¶"
1196885186442600449,Tue Nov 19 20:17:20,FACT: The NHS is not on the table #LeadersDebate https://t.co/iqzlilErvz
1196885376583032836,Tue Nov 19 20:18:05,".@jeremycorbyn would do a deal with the SNP.  That would break up our Union 

#LeadersDebate"
1196885439552139265,Tue Nov 19 20:18:20,"RT @ToryEconomy: Here's a document for you @jeremycorbyn 

https://t.co/NHlmDmuMy7 https://t.co/4jCtzME8Sj"
1196885443813552131,Tue Nov 19 20:18:21,‚ÄúThere‚Äôs no evidence that this is the case ‚Äú - Channel 4 Fact Check‚Äôs verdict on Corbyn‚Äôs LIE about US pharmaceuticals &amp; the NHS #leadersdebate https://t.co/iGKZgN2uTv
1196885507541782528,Tue Nov 19 20:18:36,"RT @JakeBerry: The audience is now laughing at Corbyn‚Äôs Brexit ‚Äòposition‚Äô

üò¨üò¨üò¨

#ITVLeadersDebate #BackBoris"
1196885546410401795,Tue Nov 19 20:18:45,"RT @ToryHealth: .@JeremyCorbyn scaremongering again because he nothing else to offer.

The US President has confirmed the NHS would not be‚Ä¶"
1196885596494540803,Tue Nov 19 20:18:57,Jeremy Corbyn won't be honest with the British people about his Brexit policy. If he wins we will have months of dither and delay followed by two referendums - one on Brexit and one on Scotland. We should #GetBrexitDone in January and move on #BackBoris
1196885645416894466,Tue Nov 19 20:19:09,RT @BorisJohnson: Our NHS will never be for sale. #BackBoris #LeadersDebate
1196885650697576448,Tue Nov 19 20:19:10,"RT @ToryHealth: .@MattHancock and @trussliz: ‚Äòthe NHS will never, under any circumstances, be on the table in any future trade talks. The p‚Ä¶"
1196885674194034689,Tue Nov 19 20:19:16,"RT @Conservatives: A vote for Corbyn is a vote for a hung Parliament, which would only deliver more gridlock, more delay, and two more chao‚Ä¶"
1196885813541429257,Tue Nov 19 20:19:49,"RT @ToryEconomy: .@jeremycorbyn is just not right...

üëáüëáüëáüëáüëáüëá

https://t.co/2oFw7yRvCE"
1196885842419167233,Tue Nov 19 20:19:56,"FACT: @jeremycorbyn said a second independence referendum would be ""absolutely fine"" https://t.co/iU4rXvyYf4"
1196885926368153601,Tue Nov 19 20:20:16,"RT @theresecoffey: 2020 should be a year of delivering the People's Priorities and leading the world on tackling climate change, not 2 more‚Ä¶"
1196885942809899010,Tue Nov 19 20:20:20,RT @AlokSharma_RDG: @BorisJohnson could not be clearer: our #NHS will never be for sale #ITVDebate
1196886063656116230,Tue Nov 19 20:20:49,"RT @BrandonLewis: So @jeremycorbyn wants a 2nd referendum on Brexit, why would anyone trust him to abide by it anyway? He has refused to re‚Ä¶"
1196886076851441666,Tue Nov 19 20:20:52,RT @GavinWilliamson: Our #NHS will never be for sale. It‚Äôs been under @Conservatives in government for many more years since it‚Äôs creation‚Ä¶
1196886162142564352,Tue Nov 19 20:21:12,RT @BorisJohnson: Our new Brexit deal will boost opportunities for people in all four parts of our precious Union. I will always defend it.‚Ä¶
1196886170870915074,Tue Nov 19 20:21:14,RT @Jeremy_Hunt: NHS for sale is a classic dead cat strategy by Labour - only problem is that it is a rather old carcass having been used i‚Ä¶
1196886179620233216,Tue Nov 19 20:21:16,RT @JamesCleverly: Boris is the leader of the Conservative and Unionist Party. Only the @Conservatives will defend the Union of our great n‚Ä¶
1196886192123457537,Tue Nov 19 20:21:19,"RT @NadineDorries: #ITVDebate #BackBoris #LeadersDebate

McDonnell said he would not stand in the way of a second Scottish Referendum. The‚Ä¶"
1196886193788592128,Tue Nov 19 20:21:20,RT @patel4witham: #LeadersDebate. On the biggest issue of our time Corbyn cannot give an answer on his position on Brexit. Only a Conservat‚Ä¶
1196886214206472197,Tue Nov 19 20:21:25,"RT @MattHancock: No independence referendum ‚Äúin the early years‚Äù

So you haven‚Äôt ruled it out then @jeremycorbyn?"
1196886229310201856,Tue Nov 19 20:21:28,RT @sajidjavid: Took less than 15min for the audience to find Corbyn‚Äôs Brexit position laughable. But none of us will be a laughing if we h‚Ä¶
1196886259177795586,Tue Nov 19 20:21:35,"RT @ToryEconomy: Does @jeremycorbyn care about our precious #Union? 

No. He will make 2020 the year of two referendums. One in Scotland wi‚Ä¶"
1196886345840504833,Tue Nov 19 20:21:56,"RT @theresecoffey: The NHS has never been for sale, it isn't  now and never will be. We have record investment, treating more people than e‚Ä¶"
1196886363091750912,Tue Nov 19 20:22:00,"FACT: Jeremy Corbyn has accepted the idea of a second independence referendum in Scotland if he becomes PM He said: ‚ÄòIf the Scottish parliament demands it, then there could be, at a much later stage, a referendum‚Äô 

#LeadersDebate https://t.co/2LUtE22TQd"
1196886416216805376,Tue Nov 19 20:22:13,"RT @NadineDorries: #ITVDebate #BackBoris #LeadersDebate

Delivering Brexit with the great new deal will strengthen, not threaten the Union.‚Ä¶"
1196886767867170816,Tue Nov 19 20:23:37,".@jeremycorbyn has accepted the idea of a second independence referendum so he can do a deal with the SNP

#LeadersDebate https://t.co/1IsmSZ5AOZ"
1196886834560802817,Tue Nov 19 20:23:53,"RT @BorisJohnson: Our great new deal means we can take back control of our laws, borders and trade. It delivers a clean break from the EU.‚Ä¶"
1196886854450192389,Tue Nov 19 20:23:57,RT @BrandonLewis: .@BorisJohnson is spot on: all @Conservatives candidates back our deal &amp; we will #GetBrexitDone. Labour are split &amp; they‚Ä¶
1196886917612277760,Tue Nov 19 20:24:12,"RT @sajidjavid: Corbyn only ‚Äòhopes‚Äô the Union won‚Äôt be broken up? He‚Äôs never truly believed in our United Kingdom, and will it sell out in‚Ä¶"
1196886938495672321,Tue Nov 19 20:24:17,"RT @DominicRaab: Boris Johnson makes clear we will protect our precious United Kingdom.

Jeremy Corbyn refuses to rule out a 2nd referendum‚Ä¶"
1196886966547238914,Tue Nov 19 20:24:24,"RT @Conservatives: We are delivering ¬£33.9 billion more in cash for the NHS by 2023-24, with an initial ¬£6.2 billion increase this year.

#‚Ä¶"
1196887010310545409,Tue Nov 19 20:24:35,".@BorisJohnson's great new deal ensures that the whole UK comes out of the EU's customs union. It says - in black and white - that Northern Ireland is in the UK's customs territory

#GetBrexitDone #LeadersDebate"
1196887013619904513,Tue Nov 19 20:24:35,RT @Jacob_Rees_Mogg: We are the Conservative and Unionist Party. That will never change #BackBoris #GetBrexitDone
1196887058100506630,Tue Nov 19 20:24:46,RT @JamesCleverly: Corbyn refuses to say he opposes Scotland leaving the UK. Says there would be no IndiRef in the ‚Äúfirst years‚Äù of a Corby‚Ä¶
1196887074797998088,Tue Nov 19 20:24:50,"RT @GavinWilliamson: Can you imagine a year of TWO referendums with a chaotic Prime Minister Corbyn backed up by @theSNP?

Only a majority‚Ä¶"
1196887145723678722,Tue Nov 19 20:25:07,".@BorisJohnson promised to get a great new deal - and he managed to get this in under 100 days. He has kept his promises on Brexit, and with a Conservative majority he will #GetBrexitDone 
#LeadersDebate"
1196887230595424256,Tue Nov 19 20:25:27,"RT @BorisJohnson: A majority Conservative government will implement an Australian style, points-based immigration system. #BackBoris #Leade‚Ä¶"
1196887338594586626,Tue Nov 19 20:25:53,The SNP have been clear - our national defences would be up for negotiation in a Corbyn SNP alliance #leadersdebate https://t.co/yUQ27Zl7oZ
1196887449361928193,Tue Nov 19 20:26:19,RT @BorisJohnson: The only way to restore trust in our democracy is to get Brexit done. #BackBoris #LeadersDebate
1196887467007315968,Tue Nov 19 20:26:23,RT @DavidMundellDCT: There we have it yet again. @jeremycorbyn doesn‚Äôt take the opportunity to rule out allowing #indyref2 As he admitted o‚Ä¶
1196887495591497732,Tue Nov 19 20:26:30,".@jeremycorbyn promised to respect the result of the referendum in 2017.  

Since then he's worked to block Brexit

#GetBrexitDone #BackBoris"
1196887672364654595,Tue Nov 19 20:27:12,RT @JamesCleverly: Corbyn hasn‚Äôt and won‚Äôt listen to the millions of people who voted to leave the EU. Won‚Äôt listen to the millions of peop‚Ä¶
1196887696360329226,Tue Nov 19 20:27:18,"How can you trust @jeremycorbyn if he won't tell us whether he backs Leave or Remain?

#LeadersDebate"
1196887722113355777,Tue Nov 19 20:27:24,RT @BrandonLewis: How can we as a nation trust you @jeremycorbyn when you have failed to respect the EU referendum &amp; fail to sort issues wi‚Ä¶
1196887755541880838,Tue Nov 19 20:27:32,"RT @Conservatives: The public want to know how to end the Brexit mess. 

The only way to break Corbyn's deadlock is to elect a majority Con‚Ä¶"
1196887766283509763,Tue Nov 19 20:27:35,"RT @NickyMorgan01: PM is absolutely right that, sadly, the trust in Parliament has gone. More delay &amp; 2 more referendums with Corbyn will n‚Ä¶"
1196887981484892161,Tue Nov 19 20:28:26,RT @Conservatives: .@BorisJohnson promised to get a great new deal - and he managed to get this in under 100 days. He has kept his promises‚Ä¶
1196888159918923776,Tue Nov 19 20:29:09,RT @BrandonLewis: Are we at 8 or 9 times that @jeremycorbyn has failed to answer what he will do re Brexit?!? #GetBrexitDone #BackBoris
1196888382154182662,Tue Nov 19 20:30:02,"RT @MattHancock: What have we learned so far?

Corbyn won‚Äôt answer how he‚Äôs vote in his second referendum 

Corbyn won‚Äôt rule out a second‚Ä¶"
1196888392526712833,Tue Nov 19 20:30:04,"RT @RobertJenrick: @BorisJohnson demonstrating why he is the man to lead this country.

As Mayor of London and now our PM, he delivers on h‚Ä¶"
1196888407840083968,Tue Nov 19 20:30:08,RT @AlokSharma_RDG: @jeremycorbyn says leadership is about listening to the people - so why won‚Äôt he listen to the people on the outcome of‚Ä¶
1196888420414558209,Tue Nov 19 20:30:11,"Under @BorisJohnson we promised a new Brexit deal. We delivered one. We said we'd level up Britain. We're providing ¬£3.6bn for towns across England. We said we'd put more police on our streets. We're recruiting 20,000. 

Lets #GetBrexitDone and move the country forward"
1196888429226872834,Tue Nov 19 20:30:13,RT @JamesCleverly: https://t.co/rFZGQiTZgW
1196888496323145729,Tue Nov 19 20:30:29,"RT @sheryllmurray: Once we #GetBrexitDone we will be able to focus on people‚Äôs  priorities: helping the NHS, tackling serious and violent c‚Ä¶"
1196888523594440705,Tue Nov 19 20:30:35,"RT @Conservatives: That's NINE times. 

9 times Jeremy Corbyn has failed to say what his own position is on Brexit.

#LeadersDebate 
#GetBr‚Ä¶"
1196888544968630277,Tue Nov 19 20:30:40,"Corbyn claims Labour's positions clear - that's just not true 

Over last two weeks, complete contradiction, confusion and chaos over policies on Brexit, freedom of movement, four day week, Net Zero, student debt #leadersdebate"
1196888708429045761,Tue Nov 19 20:31:19,"RT @NorwichChloe: The Prime Minister is clear: the NHS will never, ever be up for sale under this Government. #BackBoris #LeadersDebate"
1196888759272390664,Tue Nov 19 20:31:31,RT @sajidjavid: Corbyn will never be able to hide his problem with Jewish people. #LeadersDebate
1196888762678153218,Tue Nov 19 20:31:32,FACT: @jeremycorbyn has failed to say 9 times in #LeadersDebate what his position on Brexit actually is https://t.co/yYid2WZyKA
1196889349952020480,Tue Nov 19 20:33:52,Corbyn has utterly failed to give a straight answer to Labour's Brexit position so far - NINE time and counting he cannot say what Labour will campaign for in their second referendum #leadersdebate
1196889444281917443,Tue Nov 19 20:34:15,"Under @jeremycorbyn we would go back to square one.

He'll spend months dithering and delaying

And that would lead to yet another chaotic referendum

Vote @Conservatives we have a great deal - let's #GetBrexitDone"
1196889469921693696,Tue Nov 19 20:34:21,RT @BrandonLewis: Is this @jeremycorbyn a parody Leader with his answer on antisemitism in @UKLabour ? Surely cannot be real?? Shocking !
1196889486623424512,Tue Nov 19 20:34:25,"RT @RobertJenrick: Almost 50% of British Jews would consider leaving the country altogether if Jeremy Corbyn becomes PM.
He isn‚Äôt tackling‚Ä¶"
1196889608275079174,Tue Nov 19 20:34:54,"RT @Conservatives: Only @BorisJohnson and the @Conservatives can get Brexit done and deliver on your priorities.

‚úîÔ∏èGetting Brexit done 
‚úîÔ∏è‚Ä¶"
1196889656874459137,Tue Nov 19 20:35:05,RT @Conservatives: THE MOMENT OF THE DEBATE SO FAR: @BorisJohnson calls out Jeremy Corbyn's scare-campaign on privatising the NHS. #Leaders‚Ä¶
1196889775770345473,Tue Nov 19 20:35:34,"RT @chhcalling: We need to #GetBrexitDone so we can focus on people‚Äôs priorities: supporting the NHS, tackling serious and violent crime, a‚Ä¶"
1196889836520693761,Tue Nov 19 20:35:48,"RT @ToryEconomy: We cannot let that happen. 

#VoteConservative #BackBoris #LeadersDebate #CostofCorbyn https://t.co/H7fzMrXsev"
1196889868472913920,Tue Nov 19 20:35:56,"RT @ToryEconomy: üè´ 'We‚Ä¶ are going to level up per pupil funding' 

‚úÖ We are providing an extra ¬£14 billion for schools by 2022-23

#BackBor‚Ä¶"
1196889924898893824,Tue Nov 19 20:36:09,"RT @ToryEconomy: üè• 'We will start with 20 new hospital upgrades'

‚úÖ We have announced plans to upgrade 20 hospitals across England with ¬£1.‚Ä¶"
1196890002849959936,Tue Nov 19 20:36:28,"RT @GavinWilliamson: Boris and @Conservatives have been clear. We‚Äôve got a deal that will #GetBrexitDone. Let‚Äôs do it.

@jeremycorbyn won‚Äôt‚Ä¶"
1196890078536228867,Tue Nov 19 20:36:46,RT @DominicRaab: Boris represents hope and optimism over Corbyn‚Äôs scaremongering over the NHS. https://t.co/NwFUm3XGLO
1196890089525317632,Tue Nov 19 20:36:49,RT @theresecoffey: It's clear Corbyn wants to go back to square one. He will spend months and months dithering and delaying. We already kno‚Ä¶
1196890103584567296,Tue Nov 19 20:36:52,RT @BorisJohnson: Our NHS will never be for sale #BackBoris #LeadersDebate https://t.co/IoVF5d85d7
1196890131564826625,Tue Nov 19 20:36:59,"RT @JakeBerry: Will Corbyn campaign against this new magical deal he‚Äôll renegotiate? The EU will laugh him out of the room!

We have a deal‚Ä¶"
1196890161864466432,Tue Nov 19 20:37:06,RT @mattwarman: Either Jeremy Corbyn doesn‚Äôt know what he thinks about Brexit or doesn‚Äôt care that voters know he won‚Äôt tell them. Which of‚Ä¶
1196890193397202947,Tue Nov 19 20:37:13,"FACT: Our NHS is not for sale

#LeadersDebate https://t.co/d5DUmnKHNc"
1196890368274554880,Tue Nov 19 20:37:55,RT @JamesCleverly: The point when @BorisJohnson calls out Jeremy Corbyn's scare-campaign on privatising the NHS. #LeadersDebate #BackBoris‚Ä¶
1196890382593867784,Tue Nov 19 20:37:59,"RT @MattHancock: The NHS will never be for sale.
#LeadersDebate https://t.co/jt5uumQbNC"
1196890566610604032,Tue Nov 19 20:38:42,This was a lie - Corbyn has ripped up his promises to respect the referendum result #leadersdebate https://t.co/1y7M4VhvlZ
1196890570477768706,Tue Nov 19 20:38:43,"RT @halfon4harlow: .@MattHancock and @BorisJohnson could not have been clearer...

THE NHS IS NOT AND WILL NEVER BE UP FOR SALE."
1196890604057321473,Tue Nov 19 20:38:51,RT @kevinhollinrake: What Jeremy Corbyn's won‚Äôt say is that his Brexit deal would mean continued free movement of people and that we cannot‚Ä¶
1196890617068105729,Tue Nov 19 20:38:54,"Under @Conservatives we've delivered the biggest cash boost for the NHS in its history

@BorisJohnson has made clear that under no circumstances would we agree to any free trade deal that put the NHS on the table

#LeadersDebate #BackBoris"
1196890639968985089,Tue Nov 19 20:39:00,RT @nicolablackwood: Corbyn‚Äôs words on antisemitism ring desperately hollow as Jewish MPs have fled his party under an unbearable onslaught‚Ä¶
1196890690799702018,Tue Nov 19 20:39:12,"RT @ToryHealth: Under a majority @Conservatives Government there will be:

üè• 50 million more appointments in GP surgeries every year.

üë©‚Äç‚öïÔ∏è‚Ä¶"
1196890701147070464,Tue Nov 19 20:39:14,"RT @ToryHealth: The @Conservatives are delivering an extra ¬£33.9 billion for the NHS - the biggest cash boost in its history

#LeadersDebat‚Ä¶"
1196890768088154112,Tue Nov 19 20:39:30,RT @BorisJohnson: It's absolutely vital that we continue to invest more in our NHS. It represents the very best of our country. #BackBoris‚Ä¶
1196890791282724864,Tue Nov 19 20:39:36,"RT @BrandonLewis: As our research shows Net migration could reach 840,000 a year under a @jeremycorbyn Labour government which would put ou‚Ä¶"
1196890830809772032,Tue Nov 19 20:39:45,RT @KwasiKwarteng: A vote for Corbyn is a vote for a hung Parliament. It‚Äôs time to get Brexit done and deliver on the vote of the people. #‚Ä¶
1196890862023786497,Tue Nov 19 20:39:53,".@Conservatives will build 40 new hospitals and upgrade 20 more

We will deliver 50 million more appointments in GP surgeries, by recruiting 6,000 more GPs and 6,000 more support staff. 

#LeadersDebate #BackBoris"
1196890943561093120,Tue Nov 19 20:40:12,RT @MattHancock: The NHS is doing more than ever before. We are investing more than ever before in the NHS. We can only do that because of‚Ä¶
1196890962091544577,Tue Nov 19 20:40:17,RT @RobertJenrick: ‚ñ∂Ô∏èWe are delivering an extra ¬£33.9 billion every year for frontline NHS services by 2023-24 ‚Äì the biggest cash boost in‚Ä¶
1196890991699124224,Tue Nov 19 20:40:24,Only by having a strong economy can you spend money on the things that matter like the NHS. @JeremyCorbyn and his reckless plans would leave us all worse off #BackBoris #LeadersDebate
1196891039837110272,Tue Nov 19 20:40:35,"RT @JamesCleverly: We are investing in or NHS, new hospitals, more Doctors, more nurses, 50 million extra GP appointments. 

#BackBoris #Le‚Ä¶"
1196891250936418304,Tue Nov 19 20:41:26,RT @JackieDP: Nine times and counting. What is Jeremy Corbyn‚Äôs position on Brexit. He wants to be Prime Minister. The country deserves to k‚Ä¶
1196891271777964035,Tue Nov 19 20:41:31,RT @sajidjavid: The only way to fund fantastic public services is through a dynamic market economy. That‚Äôs what Corbyn‚Äôs Labour will never‚Ä¶
1196891283228418048,Tue Nov 19 20:41:33,RT @MattHancock: The 4-day week would cripple the NHS
1196891325112758272,Tue Nov 19 20:41:43,RT @BrandonLewis: Do @UKLabour remember the note they left?? ‚ÄúNo money left‚Äù under labour https://t.co/EdUyRRyRNb
1196891435137687552,Tue Nov 19 20:42:09,RT @NickyMorgan01: What Corbyn doesn‚Äôt understand is that we need a strong economy so that we can invest in things that matter like the NHS‚Ä¶
1196891464883679234,Tue Nov 19 20:42:17,"FACT: This is what Labour does when it runs the economy - they crash the economy

#LeadersDebate https://t.co/WBcRLcxREg"
1196891495204302853,Tue Nov 19 20:42:24,"RT @JamesCleverly: A four day working week would break the #NHS, soak up all the extra money that we have allocated. #BackBoris #LeadersDeb‚Ä¶"
1196891506390552576,Tue Nov 19 20:42:26,Labour's Shadow Health Secretary admitted just days ago there would be private provision in the NHS under Labour #leadersdebate https://t.co/UPVPPoy12v
1196891529559887883,Tue Nov 19 20:42:32,"RT @ToryHealth: John McDonnell has confirmed that Labour's devastating four-day working week would apply to the NHS.

Their plans for a fou‚Ä¶"
1196891551416365058,Tue Nov 19 20:42:37,"RT @ToryHealth: Corbyn needs to stop scaremongering.

NHS spending on independent providers is less than ¬£1 in every ¬£10 spent.

The NHS is‚Ä¶"
1196891610681921537,Tue Nov 19 20:42:51,FACT: Corbyn's Labour would spend ¬£1.2 trillion over the next five years if they get elected - the equivalent of funding the entire NHS budget for nine years #CostofCorbyn
1196891613223624706,Tue Nov 19 20:42:52,RT @BorisJohnson: We will continue to fund our NHS. We can keep doing so because we have a strong and dynamic economy. #BackBoris #LeadersD‚Ä¶
1196891616088403975,Tue Nov 19 20:42:53,"RT @ToryEconomy: .@BorisJohnson reminds this country:

That under @UKLabour 'There's no money left'

A disgrace.

#CostofCorbyn #GetBrexitD‚Ä¶"
1196891674724700160,Tue Nov 19 20:43:07,"RT @ToryEconomy: .@UKLabour's plan for the NHS would see 

1‚É£ A relative CUT for our NHS 

2‚É£ A TAX on our doctors

3‚É£ Waiting lists would‚Ä¶"
1196891747466579974,Tue Nov 19 20:43:24,RT @DavidDavisMP: Good one-liner from @BorisJohnson Boris on social care. Nobody should have to sell their home to pay for their care.
1196891866257596417,Tue Nov 19 20:43:52,"RT @BrandonLewis: You cannot deliver for #NHS or invest in any other issues without a strong economy &amp; hence we must #GetBrexitDone, only @‚Ä¶"
1196892104431165440,Tue Nov 19 20:44:49,"RT @MattHancock: Fact-check: most GPs are private businesses. 

With what he‚Äôs just said: Corbyn is proposing the end of primary care as we‚Ä¶"
1196892124047912960,Tue Nov 19 20:44:54,RT @Jeremy_Hunt: Last year we announced ¬£20 bn increase in NHS budget because we DEALT with austerity made inevitable by a Labour governmen‚Ä¶
1196892139923410945,Tue Nov 19 20:44:57,"The #CostofCorbyn would add a ¬£2,400 bill to taxpayers every year -that's the equivalent of a month's wages

#LeadersDebate"
1196892163969343489,Tue Nov 19 20:45:03,"RT @SteveBarclay: Watching the #LeadersDebate reinforces how Corbyn‚Äôs reckless economic policies will decimate business growth, putting our‚Ä¶"
1196892211977347074,Tue Nov 19 20:45:15,RT @MattHancock: Boris is right. No one should have to sell their home to pay for care #LeadersDebate
1196892242839003136,Tue Nov 19 20:45:22,"RT @GillianKeegan: Private providers to our wonderful #nhs include GP‚Äôs, Macmillan nurses, life saving drugs and vital equipment. 92.7% of‚Ä¶"
1196892313697562631,Tue Nov 19 20:45:39,"FACT: Wages are rising and the proportion of low paid jobs is at a record low

#LeadersDebate https://t.co/GCBCFi6f1c"
1196892383130112001,Tue Nov 19 20:45:55,"RT @JamesCleverly: Under this @Conservatives government we see record low unemployment, wages growing faster than inflation, and more peopl‚Ä¶"
1196892466370220037,Tue Nov 19 20:46:15,"RT @ToryEconomy: Where are the hospitals @jeremycorbyn?

There's one in your Health Spokesman's (Mr PFI @JonAshworth) own patch! 

üëáüëáüëáüëáüëá

h‚Ä¶"
1196892518153162754,Tue Nov 19 20:46:28,RT @patel4witham: #BackBoris represents hope and optimism over Corbyn‚Äôs scaremongering over the NHS.#LeadersDebate https://t.co/pycE2Rfuw6
1196892567616573440,Tue Nov 19 20:46:39,"RT @JakeBerry: Every election, Labour cries wolf claiming the Tories are going to ‚Äòsell off the NHS‚Äô

The Conservatives have run the NHS 44‚Ä¶"
1196892596200787969,Tue Nov 19 20:46:46,"False Corbyn claim on jobs - just last week, was confirmed number of people in FULL-TIME jobs at RECORD HIGH #leadersdebate https://t.co/q1ovcJlBIY"
1196892689528184832,Tue Nov 19 20:47:09,"FACT: Dedicated and hardworking staff at our NHS would find themselves working up to 2.5 million unpaid hours a week under Labour‚Äôs plans. 

#LeadersDebate https://t.co/u5uaP9yXE3"
1196892690983596037,Tue Nov 19 20:47:09,RT @MattHancock: From tonight people can see why Boris is more trusted than Corbyn on the NHS #LeadersDebate
1196892700198486016,Tue Nov 19 20:47:11,RT @AlokSharma_RDG: @BorisJohnson so right: we can only fund the #NHS and all our public services if we maintain a strong economy which #Co‚Ä¶
1196892711649005568,Tue Nov 19 20:47:14,RT @trussliz: Corbyn has no idea what generates the cash to fund public services. He doesn't support business or wealth creation. It's the‚Ä¶
1196892740115677186,Tue Nov 19 20:47:21,RT @Royston_Smith: Jeremy Corbyn‚Äôs claims about the NHS are ridiculous. The @Conservatives have been the custodian of the NHS for more year‚Ä¶
1196893047583313920,Tue Nov 19 20:48:34,"Corbyn‚Äôs Labour wouldn‚Äôt hit billionaires:

They‚Äôd hurt hard pressed families
They‚Äôd stop people passing on their family home
They‚Äôd take away your family home with higher taxes

Labour don‚Äôt want to help people succeed 

#LeadersDebate"
1196893063295180800,Tue Nov 19 20:48:38,"RT @BorisJohnson: We can only invest in our great public services if we continue to support the entrepreneurs, businesses and hardworking p‚Ä¶"
1196893083927023617,Tue Nov 19 20:48:43,RT @theresecoffey: See where Labour actually runs the NHS - Wales. It's the only part of the UK where the NHS budget was cut - yes by a Lab‚Ä¶
1196893164289822724,Tue Nov 19 20:49:02,"RT @ToryHealth: Let's #GetBrexitDone and give the NHS the attention it deserves.

üë©‚Äç‚öïÔ∏è 50 million more appointments in GP surgeries

üè• 40 n‚Ä¶"
1196893246531817473,Tue Nov 19 20:49:21,RT @LiamFox: Let‚Äôs remember what happened last time Labour was in charge of the economy #LeadersDebate #GE2019 https://t.co/6fL7pxKYDX
1196893261425729536,Tue Nov 19 20:49:25,"RT @RobertJenrick: Official stats show that @Conservatives govt has reduced income inequality: 

üîµ400,000 fewer people living in absolute p‚Ä¶"
1196893306480943104,Tue Nov 19 20:49:36,RT @sajidjavid: Corbyn‚Äôs Labour is planning a reckless spending spree which we will all have to pay for. Not only an eye-watering rise in b‚Ä¶
1196893342996615179,Tue Nov 19 20:49:44,"RT @JamesCleverly: A growing economy, millions more in work, and lower unemployment means that we can fund the public services properly and‚Ä¶"
1196893354929348608,Tue Nov 19 20:49:47,"RT @RobertJenrick: üè´We are increasing schools funding by ¬£14 billion over the next three years, a real terms increase in average per pupil‚Ä¶"
1196893551721885698,Tue Nov 19 20:50:34,"RT @BrandonLewis: We are increasing schools funding by ¬£14 billion over the next three years, a real terms increase in average per pupil sp‚Ä¶"
1196893829078638593,Tue Nov 19 20:51:40,"RT @NadineDorries: #ITVDebate #BackBoris #LeadersDebate

Corbyn will hit YOU with a ¬£2,400 tax bill if Labour are elected to Government.‚Ä¶"
1196893843511291907,Tue Nov 19 20:51:44,RT @BrandonLewis: Another clear divide: @jeremycorbyn refuses to back our Monarchy &amp; hints at reform! Our Monarch has been the worlds forem‚Ä¶
1196893918283087879,Tue Nov 19 20:52:01,"FACT: @Conservatives have taken world-leading action to tackle climate change 

The UK is first advanced economy in the world to pass a net zero target.  

We‚Äôve reduced emissions faster than any other advanced economy, while continuing to grow our economy.  

#LeadersDebate https://t.co/z8ikQEvyAi"
1196894189931376640,Tue Nov 19 20:53:06,"RT @RobertJenrick: ‚≠êÔ∏èThe UK is first advanced economy in the world to pass a net zero target.  

‚≠êÔ∏èWe‚Äôre committed to phasing out unabated‚Ä¶"
1196894209514627077,Tue Nov 19 20:53:11,RT @BrandonLewis: Just gone up to 10 failures by @jeremycorbyn #BackBoris https://t.co/xOEteOnehx
1196894210596786176,Tue Nov 19 20:53:11,"RT @GeorgeFreemanMP: Boris nails the key point on public services: all require a strong economy.

After 10yrs of prudent pro-business @Cons‚Ä¶"
1196894248530010114,Tue Nov 19 20:53:20,RT @BorisJohnson: We‚Äôve introduced a landmark Environment Bill to tackle environmental priorities and leave our planet in a better conditio‚Ä¶
1196894301910908929,Tue Nov 19 20:53:33,RT @JamesCleverly: It is clear that @BorisJohnson has a clear plan to deliver #Brexit and Corbyn refuses 9 times to explain what his positi‚Ä¶
1196894413093519360,Tue Nov 19 20:53:59,"FACT: Under the @Conservatives 

üìâWe've cut emissions faster than any other G20 country
 üí°Renewable electricity generation at RECORD HIGH 
üåçFirst major economy to legislate for Net Zero #leadersdebate"
1196894441958715392,Tue Nov 19 20:54:06,"RT @Conservatives: We were the first major economy in the world to introduce a Net Zero target for emissions, meaning that our contribution‚Ä¶"
1196894622171226118,Tue Nov 19 20:54:49,"RT @theresecoffey: In 2020, thanks to @Conservatives leadership on climate, the UK will be hosting the global conference that will be the k‚Ä¶"
1196894701221302272,Tue Nov 19 20:55:08,"RT @Jeremy_Hunt: My verdict
Corbyn: no plan
Boris: a plan
#UnblockParliament"
1196894731474788352,Tue Nov 19 20:55:15,All we want for Christmas is to #GetBrexitDone
1196895054482280448,Tue Nov 19 20:56:32,.@BorisJohnson is the clear winner in tonight's #LeadersDebate https://t.co/KTjSW0fn79
1196895080235360259,Tue Nov 19 20:56:39,RT @BrandonLewis: A positive &amp; uplifting close by @BorisJohnson with a plan to take UK forward &amp; #GetBrexitDone  #BackBoris
1196895147583320066,Tue Nov 19 20:56:55,"RT @MattHancock: What have we learned?

Corbyn won‚Äôt answer how he‚Äôd vote in his second referendum 

Corbyn won‚Äôt rule out a second Scottis‚Ä¶"
1196895179887824897,Tue Nov 19 20:57:02,RT @Conservatives: üëçüá¨üáß @BorisJohnson is the clear winner of the first #LeadersDebate. https://t.co/BgeJvPwCsC
1196895203443040256,Tue Nov 19 20:57:08,"RT @Conservatives: FACT: The UK has decarbonised faster than any other G20 country, reducing emissions by 29% in the last decade alone, whi‚Ä¶"
1196895222489333764,Tue Nov 19 20:57:12,"RT @nadhimzahawi: @BorisJohnson nails it! Deliver Brexit, invest in our public services and grow the economy. Believe in ourselves. Have fa‚Ä¶"
1196895231997669376,Tue Nov 19 20:57:15,"RT @AlokSharma_RDG: #Corbyn so right this election is about a clear choice: despair, dither and disaster for our economy under @jeremycorby‚Ä¶"
1196895233725911040,Tue Nov 19 20:57:15,".@BorisJohnson  End the dither and delay, end the deadlock, #GetBrexitDone so we can move on as a country and get on with investing in our NHS, our schools, 20,000 more police on our streets and a strong, thriving economy #leadersdebate"
1196896037333536769,Tue Nov 19 21:00:27,"RT @MattHancock: Boris the clear winner. 

Has a plan on Brexit. 

And nailed Corbyn lies on selling the NHS #LeadersDebate"
1196897272237350913,Tue Nov 19 21:05:21,RT @sajidjavid: The best Christmas gift for all of us would be the whole country moving on with a positive agenda. The coal in the stocking‚Ä¶
1196897753957359616,Tue Nov 19 21:07:16,RT @BorisJohnson: Thank you to everyone who tuned in and watched the debate. We've got a long way to go to earn the votes of the British pe‚Ä¶
1196897782294036486,Tue Nov 19 21:07:23,"RT @RobertJenrick: @BorisJohnson was fluent, dynamic and clear in his vision: the undisputed winner of that debate.  

üîµA true champion for‚Ä¶"
1196899913432535040,Tue Nov 19 21:15:51,Tonight we held @jeremycorbyn to account. Only @BorisJohnson has a plan to #GetBrexitDone
1196909901131526146,Tue Nov 19 21:55:32,RT @theresa_may: Tonight‚Äôs #LeadersDebate has shown very clearly: the only way to get Brexit done and move our country forward is to back @‚Ä¶
1197064076922363910,Wed Nov 20 08:08:10,"RT @Conservatives: At the debate last night, Jeremy Corbyn failed ùôâùôÑùôâùôÄ times to say what his own position on Brexit is üëá https://t.co/b6PgD‚Ä¶"
